{"app":["/app-e79a3197a473425b32b7.js"],"component---src-pages-404-jsx":["/component---src-pages-404-jsx-4044b1d89654c82496c8.js"],"component---src-pages-about-jsx":["/component---src-pages-about-jsx-349ea42c91abea7d479c.js"],"component---src-pages-contact-jsx":["/component---src-pages-contact-jsx-dad04d9741f2ba7acd10.js"],"component---src-pages-index-jsx":["/component---src-pages-index-jsx-21e388fecfded1a73c7d.js"],"component---src-pages-schedule-jsx":["/component---src-pages-schedule-jsx-306c6513fad0601e6ace.js"]}