{"name":"build-javascript","namedChunkGroups":{"app":{"name":"app","assets":[{"name":"webpack-runtime-1509cc4b5ff55e0df2e0.js","size":4004},{"name":"framework-b61c9b46b6f29d1fe3fb.js","size":141423},{"name":"styles.d7fbcb4609846ca5b4bc.css","size":6585},{"name":"app-e79a3197a473425b32b7.js","size":69152}],"filteredAssets":0,"assetsSize":221164,"filteredAuxiliaryAssets":3,"auxiliaryAssetsSize":614014},"component---src-pages-404-jsx":{"name":"component---src-pages-404-jsx","assets":[{"name":"component---src-pages-404-jsx-4044b1d89654c82496c8.js","size":774}],"filteredAssets":0,"assetsSize":774,"filteredAuxiliaryAssets":1,"auxiliaryAssetsSize":1865},"component---src-pages-about-jsx":{"name":"component---src-pages-about-jsx","assets":[{"name":"framework-b61c9b46b6f29d1fe3fb.js","size":141423},{"name":"4aed746e5e7684da790c2d9d81ca98785d617cc6-78156bb1ee0f5e7a391a.js","size":164409},{"name":"component---src-pages-about-jsx-349ea42c91abea7d479c.js","size":2788}],"filteredAssets":0,"assetsSize":308620,"filteredAuxiliaryAssets":5,"auxiliaryAssetsSize":1516694},"component---src-pages-contact-jsx":{"name":"component---src-pages-contact-jsx","assets":[{"name":"framework-b61c9b46b6f29d1fe3fb.js","size":141423},{"name":"styles.d7fbcb4609846ca5b4bc.css","size":6585},{"name":"b637e9a5-44f9eabe278970404238.js","size":87283},{"name":"4aed746e5e7684da790c2d9d81ca98785d617cc6-78156bb1ee0f5e7a391a.js","size":164409},{"name":"component---src-pages-contact-jsx-dad04d9741f2ba7acd10.js","size":80243}],"filteredAssets":0,"assetsSize":479943,"filteredAuxiliaryAssets":5,"auxiliaryAssetsSize":2136909},"component---src-pages-index-jsx":{"name":"component---src-pages-index-jsx","assets":[{"name":"framework-b61c9b46b6f29d1fe3fb.js","size":141423},{"name":"4aed746e5e7684da790c2d9d81ca98785d617cc6-78156bb1ee0f5e7a391a.js","size":164409},{"name":"component---src-pages-index-jsx-21e388fecfded1a73c7d.js","size":5511}],"filteredAssets":0,"assetsSize":311343,"filteredAuxiliaryAssets":7,"auxiliaryAssetsSize":13712191},"component---src-pages-schedule-jsx":{"name":"component---src-pages-schedule-jsx","assets":[{"name":"framework-b61c9b46b6f29d1fe3fb.js","size":141423},{"name":"styles.d7fbcb4609846ca5b4bc.css","size":6585},{"name":"4aed746e5e7684da790c2d9d81ca98785d617cc6-78156bb1ee0f5e7a391a.js","size":164409},{"name":"component---src-pages-schedule-jsx-306c6513fad0601e6ace.js","size":880}],"filteredAssets":0,"assetsSize":313297,"filteredAuxiliaryAssets":4,"auxiliaryAssetsSize":1265505}},"assetsByChunkName":{"app":["webpack-runtime-1509cc4b5ff55e0df2e0.js","framework-b61c9b46b6f29d1fe3fb.js","styles.d7fbcb4609846ca5b4bc.css","app-e79a3197a473425b32b7.js"],"component---src-pages-404-jsx":["component---src-pages-404-jsx-4044b1d89654c82496c8.js"],"component---src-pages-about-jsx":["framework-b61c9b46b6f29d1fe3fb.js","4aed746e5e7684da790c2d9d81ca98785d617cc6-78156bb1ee0f5e7a391a.js","component---src-pages-about-jsx-349ea42c91abea7d479c.js"],"component---src-pages-contact-jsx":["framework-b61c9b46b6f29d1fe3fb.js","styles.d7fbcb4609846ca5b4bc.css","b637e9a5-44f9eabe278970404238.js","4aed746e5e7684da790c2d9d81ca98785d617cc6-78156bb1ee0f5e7a391a.js","component---src-pages-contact-jsx-dad04d9741f2ba7acd10.js"],"component---src-pages-index-jsx":["framework-b61c9b46b6f29d1fe3fb.js","4aed746e5e7684da790c2d9d81ca98785d617cc6-78156bb1ee0f5e7a391a.js","component---src-pages-index-jsx-21e388fecfded1a73c7d.js"],"component---src-pages-schedule-jsx":["framework-b61c9b46b6f29d1fe3fb.js","styles.d7fbcb4609846ca5b4bc.css","4aed746e5e7684da790c2d9d81ca98785d617cc6-78156bb1ee0f5e7a391a.js","component---src-pages-schedule-jsx-306c6513fad0601e6ace.js"]},"childAssetsByChunkName":{}}