{"app":["/app-c27b0e20a383684a1981.js"],"component---src-pages-404-jsx":["/component---src-pages-404-jsx-4044b1d89654c82496c8.js"],"component---src-pages-about-jsx":["/component---src-pages-about-jsx-349ea42c91abea7d479c.js"],"component---src-pages-contact-jsx":["/component---src-pages-contact-jsx-e264157d14b88407cc31.js"],"component---src-pages-index-jsx":["/component---src-pages-index-jsx-21e388fecfded1a73c7d.js"],"component---src-pages-schedule-jsx":["/component---src-pages-schedule-jsx-8dd2ad865366a86e9af4.js"]}